{
    "rmse": 23.86764682160196,
    "mae": 18.66434552778323,
    "r2": 0.7833827610591204
}